Workbook

Sheet Matriz Ckeck LIst
C3: MATRIZ PARA COMPROBACIÓN REQUERIMIENTOS DE CALIDAD DE PROYECTO ACADEMICO
D5: SISTEMA: | E5: Sistema de gestión de papelería (PaperBoost)
F6: Requerimientos Funcionales
B7: Nº | C7: CRITERIOS DE CALIDAD (Documento/Requerimientos) | E7: Status Nivel de Acuerdo | F7: RQF-007 Registro de producto manual | G7: Status Nivel de Acuerdo | I7: RQF-011 Consulta de productos en inventario | J7: Status Nivel de Acuerdo | K7: RQF-013 Editar datos de producto
B9: 1 | C9: Agreed | E9: NOK | F9: 1. No se cuenta con la documentación necesaria para verificar este punto. (entrevista, videos, etc) | G9: NOK | I9: 1. No existe el detalle de campos necesarios para satisfacer el requisito | J9: NOK | K9: 1. No existe el detalle de campos necesarios para satisfacer el requisito de edición del producto
B10: 2 | C10: Ranked | E10: OK | F10: 1. En la columna de importancia del requisito se especifica la prioridad Alta | G10: OK | I10: 1. En la descripción del caso de Uso se especifica la prioridad Alta | J10: OK | K10: 1. En la columna de importancia del requisito de edición del producto nota que es Alta
B11: 3 | C11: Unambiguos | E11: NOK | F11: 1. Aunque la redaccion es correcta, hace falta especificar de manera mas detallada los requisitos planteados | G11: NOK | I11: 1. Falta la especificación de los casos de uso | J11: NOK | K11: 1. El tutor, el equipo y el cliente interpretan los campos del producto de manera diferente ya que no están detallados
B12: 4 | C12: Valid and up-to date | E12: OK | F12: 1. El requisito esta actualizado en base a los cambios solicitados por el cliente y el revisor. | G12: OK | I12: 1. Se tiene un control de versionamiento del documento | J12: OK | K12: 1. Control de cambios al inicio del documento
B13: 5 | C13: Correct | E13: OK | F13: 1. Está alineado con los objetivos del sistema. 2. Refleja las necesidades de los usuarios. | G13: OK | I13: 1. Esta alineado a los objetivos del sistema | J13: OK | K13: 1. Alineado con los objetivos del sistema
B14: 6 | C14: Consisten | E14: OK | F14: 1. Documentación basada en modelos: Diagrama de Casos de Uso 2. Usa términos definidos previamente. 3. Verificado bajo matriz de trazabilidad de requisitos. | G14: OK | I14: 1. Esta alineado a los requisitos del sistema ya que fue evaluado con la matriz de trazabilidad y no entra en conflícto con ningún requisito | J14: OK | K14: 1. No contradice a ningun ya que fue verificado con la matriz de trazabilidad de requisitos
B15: 7 | C15: Verificable | E15: NOK | F15: 1. Requisito Medible 2. Falta Casos de Prueba | G15: NOK | I15: 1. Requsito medible 2. Falta la codificacion del requisito | J15: NOK | K15: 1. Falta de codificación o entregable del requisito
B16: 8 | C16: Realizable | E16: NOK | F16: 1. No cuenta con la organizacion necesaria para su implementacion. 2. No se ha desarrollado | G16: NOK | I16: 1. Requisito estimado no comprobado | J16: NOK | K16: 1. Requisito estimado no comprobado
B17: 9 | C17: Traceable | E17: NOK | F17: 1. El requisito se relaciona correctamente con el caso de uso pero no con lo demas requisitos en base a un diagrama o alguna otra técnica. | G17: NOK | I17: 1. En el documento de requisitos no está explicito la relación como en el diagrama de caso de uso | J17: NOK | K17: 1. En el documento de requisitos no está explicito la relación como en el diagrama de caso de uso
B18: 10 | C18: Complete | E18: NOK | F18: 1. No contiene la informacion la informacion necesaria y detallada dentro del requisito definido. 2. Describe completamente la funcionalidad esperada. | G18: NOK | I18: 1. Tiene la información necesaria para entender pero no esta explicito como tal el caso de uso en el documento | J18: NOK | K18: 1. Falta información detallada del caso de uso en el documento.
B19: 11 | C19: Understandability | E19: OK | F19: 1. Se involucra al cliente 2. Existe glosario de términos | G19: OK | I19: 1. Esta redactado con un lenjuaje claro para que todos los involucrados lo entiendan facilménte | J19: OK | K19: 1. El documento posee glosario de términos

Sheet MODELO LISTA DE COMPROBACIO (3)
B1: SISTEMA: | C1: Sistema de gestión de papelería (PaperBoost)
B2: FECHA: | C2: 46126
B3: AUTOR: | C3: Viscaino Jordy
B4: REQUERIMIENTOS EVALUADOS : | C4: RQF-007 Registro de producto manual
A6: CONTENIDO
A7: No. | B7: Pregunta | C7: SI | D7: NO
A8: 1 | B8: Todos los requerimientos relevantes se han documentado? | C8: X
A9: 2 | B9: Se han implementado las funciones requeridas? | D9: X
A10: 3 | B10: Existe algún mecanismo que permita seguir el impacto de dicho requerimiento a lo largo del resto de las actividades del ciclo productivo.? | D10: X
A11: 4 | B11: El origen de cada requerimento individual está claro ? | C11: X
A12: 5 | B12: Que tan facil es devolverse a los requerimientos? | C12: X
A13: 6 | B13: Los requerimientos reflejan las necesidades y deseos del cliente? | C13: X
A14: 7 | B14: No hay contradicciones entre los requerimientos? | C14: X
A15: 8 | B15: El requerimiento que se esta especificando contribuye a alcanzar un objetivo definido ? | C15: X
A16: 9 | B16: Existe un proceso acotado (en plazo y presupuesto) que permita determinar que el sistema construido satisface lo descrito en el propio requerimiento? | D16: X
A17: SUMATORIA: | C17: =COUNTA('MODELO LISTA DE COMPROBACIO (3)'!$C$8:$C$16) -> 6 | D17: =COUNTA('MODELO LISTA DE COMPROBACIO (3)'!$D$8:$D$16) -> 3
A18: PORCENTAJE : | C18: =C17/9 -> 0.66666667 | D18: =D17/9 -> 0.33333333
A20: DOCUMENTACIÓN
A21: No. | B21: Pregunta | C21: SI | D21: NO
A22: 1 | B22: Aplica un estandar para la documetación de requerimiento? | D22: X
A23: 2 | B23: Cumple con la estructura definida por el estandar? | C23: X
A24: 3 | B24: Utiliza un Glosario de términos normalizado? | C24: X
A25: 4 | B25: Los requerimientos Funcionales estan sujetos a una única interpretación? | C25: X
A26: 5 | B26: El modelo aplicado cumple con la sintaxis? | C26: X
A27: SUMATORIA: | C27: =COUNTA('MODELO LISTA DE COMPROBACIO (3)'!$C$22:$C$26) -> 4 | D27: =COUNTA('MODELO LISTA DE COMPROBACIO (3)'!$D$22:$D$26) -> 1
A28: PORCENTAJE : | C28: =C27/5 -> 0.8 | D28: =D27/5 -> 0.2
A30: NIVEL DE ACUERDO
A31: No. | B31: Pregunta | C31: SI | D31: NO
A32: 1 | B32: Todos los requerimientos han sido acordados con todos los interesados? | C32: X
A33: 2 | B33: Todos los requerimientos modificados han sido acordados por todos los implicados? | C33: X
A34: 3 | B34: Han sido resueltos todos los conflictos conocidos respectos de los requerimientos? | C34: X
A35: SUMATORIA: | C35: =COUNTA('MODELO LISTA DE COMPROBACIO (3)'!$C$32:$C$34) -> 3 | D35: =COUNTA('MODELO LISTA DE COMPROBACIO (3)'!$D$32:$D$34) -> 0
A36: PORCENTAJE : | C36: =C35/3 -> 1 | D36: =D35/3 -> 0
A40: RESUMEN
B41: CONTENIDO | C41: 67
B42: DOCUMENTACIÓN | C42: 80
B43: NIVEL DE ACUERDO | C43: 100

Sheet MODELO LISTA DE COMPROBACIO (2)
B1: SISTEMA: | C1: Sistema de gestión de papelería (PaperBoost)
B2: FECHA: | C2: 46126
B3: AUTOR: | C3: Lucas Góngora
B4: REQUERIMIENTOS EVALUADOS : | C4: RQF-013 Editar datos de producto
A6: CONTENIDO
A7: No. | B7: Pregunta | C7: SI | D7: NO
A8: 1 | B8: Todos los requerimientos relevantes se han documentado? | C8: X
A9: 2 | B9: Se han implementado las funciones requeridas? | D9: X
A10: 3 | B10: Existe algún mecanismo que permita seguir el impacto de dicho requerimiento a lo largo del resto de las actividades del ciclo productivo.? | D10: X
A11: 4 | B11: El origen de cada requerimento individual está claro ? | C11: X
A12: 5 | B12: Que tan facil es devolverse a los requerimientos? | C12: X
A13: 6 | B13: Los requerimientos reflejan las necesidades y deseos del cliente? | C13: X
A14: 7 | B14: No hay contradicciones entre los requerimientos? | C14: X
A15: 8 | B15: El requerimiento que se esta especificando contribuye a alcanzar un objetivo definido ? | C15: X
A16: 9 | B16: Existe un proceso acotado (en plazo y presupuesto) que permita determinar que el sistema construido satisface lo descrito en el propio requerimiento? | D16: X
A17: SUMATORIA: | C17: =COUNTA('MODELO LISTA DE COMPROBACIO (2)'!$C$8:$C$16) -> 6 | D17: =COUNTA('MODELO LISTA DE COMPROBACIO (2)'!$D$8:$D$16) -> 3
A18: PORCENTAJE : | C18: =C17/9 -> 0.66666667 | D18: =D17/9 -> 0.33333333
A20: DOCUMENTACIÓN
A21: No. | B21: Pregunta | C21: SI | D21: NO
A22: 1 | B22: Aplica un estandar para la documetación de requerimiento? | D22: X
A23: 2 | B23: Cumple con la estructura definida por el estandar? | D23: X
A24: 3 | B24: Utiliza un Glosario de términos normalizado? | C24: X
A25: 4 | B25: Los requerimientos Funcionales estan sujetos a una única interpretación? | C25: X
A26: 5 | B26: El modelo aplicado cumple con la sintaxis? | D26: X
A27: SUMATORIA: | C27: =COUNTA('MODELO LISTA DE COMPROBACIO (2)'!$C$22:$C$26) -> 2 | D27: =COUNTA('MODELO LISTA DE COMPROBACIO (2)'!$D$22:$D$26) -> 3
A28: PORCENTAJE : | C28: =C27/5 -> 0.4 | D28: =D27/5 -> 0.6
A30: NIVEL DE ACUERDO
A31: No. | B31: Pregunta | C31: SI | D31: NO
A32: 1 | B32: Todos los requerimientos han sido acordados con todos los interesados? | C32: X
A33: 2 | B33: Todos los requerimientos modificados han sido acordados por todos los implicados? | C33: X
A34: 3 | B34: Han sido resueltos todos los conflictos conocidos respectos de los requerimientos? | C34: X
A35: SUMATORIA: | C35: =COUNTA('MODELO LISTA DE COMPROBACIO (2)'!$C$32:$C$34) -> 3 | D35: =COUNTA('MODELO LISTA DE COMPROBACIO (2)'!$D$32:$D$34) -> 0
A36: PORCENTAJE : | C36: =C35/3 -> 1 | D36: =D35/3 -> 0
A40: RESUMEN
B41: CONTENIDO | C41: 67
B42: DOCUMENTACIÓN | C42: 40
B43: NIVEL DE ACUERDO | C43: 100

Sheet MODELO LISTA DE COMPROBACION - 
B1: SISTEMA: | C1: Sistema de gestión de papelería (PaperBoost)
B2: FECHA: | C2: 46126
B3: AUTOR: | C3: Klever Jami
B4: REQUERIMIENTOS EVALUADOS : | C4: RQF-011 Consulta de productos en inventario
A6: CONTENIDO
A7: No. | B7: Pregunta | C7: SI | D7: NO
A8: 1 | B8: Todos los requerimientos relevantes se han documentado? | C8: X
A9: 2 | B9: Se han implementado las funciones requeridas? | D9: x
A10: 3 | B10: Existe algún mecanismo que permita seguir el impacto de dicho requerimiento a lo largo del resto de las actividades del ciclo productivo.? | C10: X
A11: 4 | B11: El origen de cada requerimento individual está claro ? | C11: X
A12: 5 | B12: Que tan facil es devolverse a los requerimientos? | C12: X
A13: 6 | B13: Los requerimientos reflejan las necesidades y deseos del cliente? | C13: X
A14: 7 | B14: No hay contradicciones entre los requerimientos? | C14: X
A15: 8 | B15: El requerimiento que se esta especificando contribuye a alcanzar un objetivo definido ? | C15: X
A16: 9 | B16: Existe un proceso acotado (en plazo y presupuesto) que permita determinar que el sistema construido satisface lo descrito en el propio requerimiento? | D16: X
A17: SUMATORIA: | C17: =COUNTA('MODELO LISTA DE COMPROBACION - '!$C$8:$C$16) -> 7 | D17: =COUNTA('MODELO LISTA DE COMPROBACION - '!$D$8:$D$16) -> 2
A18: PORCENTAJE : | C18: =C17/9 -> 0.77777778 | D18: =D17/9 -> 0.22222222
A20: DOCUMENTACIÓN
A21: No. | B21: Pregunta | C21: SI | D21: NO
A22: 1 | B22: Aplica un estandar para la documetación de requerimiento? | D22: X
A23: 2 | B23: Cumple con la estructura definida por el estandar? | D23: X
A24: 3 | B24: Utiliza un Glosario de términos normalizado? | C24: X
A25: 4 | B25: Los requerimientos Funcionales estan sujetos a una única interpretación? | C25: X
A26: 5 | B26: El modelo aplicado cumple con la sintaxis? | C26: X
A27: SUMATORIA: | C27: =COUNTA('MODELO LISTA DE COMPROBACION - '!$C$22:$C$26) -> 3 | D27: =COUNTA('MODELO LISTA DE COMPROBACION - '!$D$22:$D$26) -> 2
A28: PORCENTAJE : | C28: =C27/5 -> 0.6 | D28: =D27/5 -> 0.4
A30: NIVEL DE ACUERDO
A31: No. | B31: Pregunta | C31: SI | D31: NO
A32: 1 | B32: Todos los requerimientos han sido acordados con todos los interesados? | C32: X
A33: 2 | B33: Todos los requerimientos modificados han sido acordados por todos los implicados? | C33: X
A34: 3 | B34: Han sido resueltos todos los conflictos conocidos respectos de los requerimientos? | C34: X
A35: SUMATORIA: | C35: =COUNTA('MODELO LISTA DE COMPROBACION - '!$C$32:$C$34) -> 3 | D35: =COUNTA('MODELO LISTA DE COMPROBACION - '!$D$32:$D$34) -> 0
A36: PORCENTAJE : | C36: =C35/3 -> 1 | D36: =D35/3 -> 0
A40: RESUMEN
B41: CONTENIDO | C41: 89
B42: DOCUMENTACIÓN | C42: 100
B43: NIVEL DE ACUERDO | C43: 100

Sheet RECOMENDACIONES - CU001.3 (3)
A1: PREGUNTA | B1: RECOMENDACIÓN
A2: ¿Se han validado y aprobado formalmente todos los entregables de la entrevista (videoconferencia, minuta, acta de aceptación)? | B2: Establecer firmas digitales o un acta de reunión oficial tras cada sesión de descubrimiento, de modo que quede constancia inequívoca de la aprobación de alcance y contenido por parte de tutor, cliente y equipo.
A3: ¿Se han definido criterios de aceptación y casos de prueba que permitan medir objetivamente el cumplimiento del requisito? | B3: Elaborar una lista de Criterios de Aceptación en formato Given-When-Then, asociada a pruebas unitarias o de aceptación automatizadas, de modo que cada criterio quede cubierto por al menos un caso de prueba.
A4: ¿El documento de SRS cumple con la estructura definida por el estandar IEEE? | B4: Seguir formalmente un estandar como IEEE 830 O ISO 29148 como plantilla base para el desarrollo del SRS, asegurando todas las secciones requeridas.
A5: ¿Se han incluido artefactos de modelado suficientes (casos de uso, diagramas) para asegurar la completitud y validación de los requisitos del sistema? | B5: Es necesario que el documento contenga artefactos de modelado estandar con el fin de que se validen los requisitos y sean entendible y modificables.

Sheet RECOMENDACIONES - CU001.3 (2)
A1: PREGUNTA | B1: RECOMENDACIÓN
A2: ¿Se han validado y aprobado formalmente todos los entregables de la entrevista (videoconferencia, minuta, acta de aceptación)? | B2: Establecer firmas digitales o un acta de reunión oficial tras cada sesión de descubrimiento, de modo que quede constancia inequívoca de la aprobación de alcance y contenido por parte de tutor, cliente y equipo.
A3: ¿Se han definido criterios de aceptación y casos de prueba que permitan medir objetivamente el cumplimiento del requisito? | B3: Elaborar una lista de Criterios de Aceptación en formato Given-When-Then, asociada a pruebas unitarias o de aceptación automatizadas, de modo que cada criterio quede cubierto por al menos un caso de prueba.
A4: ¿Se ha utilizado un documento estandarizado segun la IEEE 830 para realizar el SRS? | B4: se recomienda seguir como base un documento estándar
A5: ¿Los campos del producto han sido detallado en el documento? | B5: se recomienda en la descripción del requisito ser detallado con lo que ingresa el usuario
A6: ¿Los casos de uso y demas anexos están presentes en el documento SRS ? | B6: Se recomienda anexar archivos que respalden o justifiquen los requisitos establecidos

Sheet RECOMENDACIONES - RQF-011
A1: PREGUNTA | B1: RECOMENDACIÓN
A2: ¿Se han validado y aprobado formalmente todos los entregables de la entrevista (videoconferencia, minuta, acta de aceptación)? | B2: Establecer firmas digitales o un acta de reunión oficial tras cada sesión de descubrimiento, de modo que quede constancia inequívoca de la aprobación de alcance y contenido por parte de tutor, cliente y equipo.
A3: ¿Se han definido criterios de aceptación y casos de prueba que permitan medir objetivamente el cumplimiento del requisito? | B3: Elaborar una lista de Criterios de Aceptación en formato Given-When-Then, asociada a pruebas unitarias o de aceptación automatizadas, de modo que cada criterio quede cubierto por al menos un caso de prueba.
A4: ¿El docuemnto SRS fue desarrollado bajo el IEEE-830? | B4: Desarrollar la documentación bajo el estandar IEEE-830 que valide dicha información de manera profesional.
