Workbook

Sheet Matriz Ckeck LIst
C3: MATRIZ PARA COMPROBACIÓN REQUERIMIENTOS DE CALIDAD DE PROYECTO ACADEMICO
D5: SISTEMA: | E5: Sistema de gestión de papelería (PaperBoost)
F6: Requerimientos Funcionales
B7: Nº | C7: CRITERIOS DE CALIDAD (Documento/Requerimientos) | E7: Status Nivel de Acuerdo | F7: RQF-007 Registro de producto manual | H7: RQF-011 Consulta de productos en inventario | I7: Status Nivel de Acuerdo | J7: RQF-013 Editar datos de producto
B9: 1 | C9: Agreed | E9: OK | F9: 1. Se cuenta con una entrevista con el cliente. 2. Se presento al cliente el flujo de ejecucion del requisito. | G9: OK | H9: 1, El requisito se encuentra documentado en el SRS como RQF-011. 2, Está asociado al caso de uso CUC-06 dentro del documento. | I9: OK | J9: 1. El requisito es fundamental debido al manejo de inventario siendo el problema central
B10: 2 | C10: Ranked | E10: OK | F10: 1. En la columna de importancia del requisito se especifica la prioridad Alta | G10: OK | H10: 1. En la descripción del caso de Uso se especifica la prioridad Alta | I10: OK | J10: 1. En la columna de importancia del requisito de edición del producto nota que es Alta
B11: 3 | C11: Unambiguos | E11: OK | F11: 1. Se especifica de manera detallada el requisitos, asi como de donde proviene. | G11: OK | H11: 1. El requisito especifica de forma clara los datos que debe mostrar. 2. También indica que se debe resaltar visualmente el stock bajo o agotado. | I11: NOK | J11: 1. No se detalla los campos que se pueden editar y lo que no se pueden editar.
B12: 4 | C12: Valid and up-to date | E12: OK | F12: 1. El requisito esta actualizado en base a los cambios solicitados por el cliente y el revisor. | G12: OK | H12: 1. El documento presenta control de versiones. 2. El SRS fue actualizado a la versión 5.1 con incorporación de casos de uso. | I12: OK | J12: 1. Control de cambios al inicio del documento
B13: 5 | C13: Correct | E13: OK | F13: 1. Está alineado con los objetivos del sistema. 2. Refleja las necesidades de los usuarios. | G13: OK | H13: 1. Está alineado con los objetivos del sistema de mejorar el control del inventario. 2. Responde a la necesidad del negocio de conocer disponibilidad, cantidades y faltantes. | I13: OK | J13: 1. Alineado con los objetivos del sistema
B14: 6 | C14: Consisten | E14: OK | F14: 1. Documentación basada en modelos: Diagrama de Casos de Uso 2. Usa términos definidos previamente. 3. Verificado bajo matriz de trazabilidad de requisitos. | G14: OK | H14: 1. Es consistente con la funcionalidad general de gestión de inventario. 2. Se complementa con RQF-012, que añade búsqueda, filtros y ordenamiento. | I14: OK | J14: 1. No contradice a ningun ya que fue verificado con la matriz de trazabilidad de requisitos
B15: 7 | C15: Verificable | E15: OK | F15: 1. Requisito Medible 2. Se dispone de los casos de prueba 3. Se cuenta con diagramas de casos de uso asi como los casos de uso del mismo requisito. | G15: OK | H15: 1. Es un requisito medible porque permite comprobar si se muestran los campos definidos. 2. También se puede verificar si el sistema destaca productos con stock bajo o agotado. | I15: OK | J15: 1. El caso de uso acorde al requisito si denota el esfuerzo
B16: 8 | C16: Realizable | E16: NOK | F16: 1. No cuenta con la organizacion necesaria para su implementacion. 2. El requisito no puede ser realizable dado que no se dispone de un planeamiento para su implementacion 3. No se ha desarrollado | G16: NOK | H16: 1. No se evidencia en el documento un plan de implementación o desarrollo del requisito. 2. La viabilidad técnica se asume, pero no está demostrada con evidencia de realización. | I16: NOK | J16: 1. Requisito estimado no comprobado
B17: 9 | C17: Traceable | E17: NOK | F17: 1. El requisito se relaciona correctamente con el caso de uso pero no con lo demas requisitos en base a un diagrama o alguna otra técnica. | G17: NOK | H17: 1. El requisito se relaciona con el caso de uso CUC-06. 2. Sin embargo, no se muestra una trazabilidad completa con otros artefactos como diseño, pruebas o reglas detalladas. | I17: NOK | J17: 1. En el documento de requisitos no está explicito la relación como en el diagrama de caso de uso
B18: 10 | C18: Complete | E18: OK | F18: 1. La descripcion del requisito asi como su respectivo caso de uso y sus diferentes caracterisitcas estan detalladas en el documento. | G18: OK | H18: 1. La descripción del requisito y su caso de uso permiten comprender su funcionamiento general. | I18: NOK | J18: 1. Falta información detallada de los campos editables tanto en el requisito como en el caso de uso
B19: 11 | C19: Understandability | E19: NOK | F19: 1. Se involucra al cliente pero debido a la falta de glosario y poca correlacion entre los requisitos no es entendible en su totalidad. | G19: NOK | H19: 1. No cuenta con un glosario suficientemente detallado para guiar la interpretación del requisito. | I19: NOK | J19: 1. No cuenta con un glosario suficientemente detallado para guiar la interpretación del requisito.

Sheet MODELO LISTA DE COMPROBACIO (2)
B1: SISTEMA: | C1: Sistema de gestión de papelería (PaperBoost)
B2: FECHA: | C2: 46126
B3: AUTOR: | C3: Lucas Góngora
B4: REQUERIMIENTOS EVALUADOS : | C4: RQF-013 Editar datos de producto
A6: CONTENIDO
A7: No. | B7: Pregunta | C7: SI | D7: NO
A8: 1 | B8: Todos los requerimientos relevantes se han documentado? | C8: X
A9: 2 | B9: Se han implementado las funciones requeridas? | D9: X
A10: 3 | B10: Existe algún mecanismo que permita seguir el impacto de dicho requerimiento a lo largo del resto de las actividades del ciclo productivo.? | D10: X
A11: 4 | B11: El origen de cada requerimento individual está claro ? | C11: X
A12: 5 | B12: Que tan facil es devolverse a los requerimientos? | C12: X
A13: 6 | B13: Los requerimientos reflejan las necesidades y deseos del cliente? | C13: X
A14: 7 | B14: No hay contradicciones entre los requerimientos? | C14: X
A15: 8 | B15: El requerimiento que se esta especificando contribuye a alcanzar un objetivo definido ? | C15: X
A16: 9 | B16: Existe un proceso acotado (en plazo y presupuesto) que permita determinar que el sistema construido satisface lo descrito en el propio requerimiento? | D16: X
A17: SUMATORIA: | C17: =COUNTA('MODELO LISTA DE COMPROBACIO (2)'!$C$8:$C$16) -> 6 | D17: =COUNTA('MODELO LISTA DE COMPROBACIO (2)'!$D$8:$D$16) -> 3
A18: PORCENTAJE : | C18: =C17/9 -> 0.66666667 | D18: =D17/9 -> 0.33333333
A20: DOCUMENTACIÓN
A21: No. | B21: Pregunta | C21: SI | D21: NO
A22: 1 | B22: Aplica un estandar para la documentación de requerimiento? | C22: X
A23: 2 | B23: Cumple con la estructura definida por el estandar? | C23: X
A24: 3 | B24: Utiliza un Glosario de términos normalizado? | C24: X
A25: 4 | B25: Los requerimientos Funcionales estan sujetos a una única interpretación? | D25: X
A26: 5 | B26: El modelo aplicado cumple con la sintaxis? | C26: X
A27: SUMATORIA: | C27: =COUNTA('MODELO LISTA DE COMPROBACIO (2)'!$C$22:$C$26) -> 4 | D27: =COUNTA('MODELO LISTA DE COMPROBACIO (2)'!$D$22:$D$26) -> 1
A28: PORCENTAJE : | C28: =C27/5 -> 0.8 | D28: =D27/5 -> 0.2
A30: NIVEL DE ACUERDO
A31: No. | B31: Pregunta | C31: SI | D31: NO
A32: 1 | B32: Todos los requerimientos han sido acordados con todos los interesados? | C32: X
A33: 2 | B33: Todos los requerimientos modificados han sido acordados por todos los implicados? | C33: X
A34: 3 | B34: Han sido resueltos todos los conflictos conocidos respectos de los requerimientos? | C34: X
A35: SUMATORIA: | C35: =COUNTA('MODELO LISTA DE COMPROBACIO (2)'!$C$32:$C$34) -> 3 | D35: =COUNTA('MODELO LISTA DE COMPROBACIO (2)'!$D$32:$D$34) -> 0
A36: PORCENTAJE : | C36: =C35/3 -> 1 | D36: =D35/3 -> 0
A40: RESUMEN
B41: CONTENIDO | C41: 67
B42: DOCUMENTACIÓN | C42: 80
B43: NIVEL DE ACUERDO | C43: 100

Sheet MODELO LISTA DE COMPROBACION - 
B1: SISTEMA: | C1: Sistema de gestión de papelería (PaperBoost)
B2: FECHA: | C2: 46126
B3: AUTOR: | C3: Klever Jami
B4: REQUERIMIENTOS EVALUADOS : | C4: RQF-011 Consulta de productos en inventario
A6: CONTENIDO
A7: No. | B7: Pregunta | C7: SI | D7: NO
A8: 1 | B8: Todos los requerimientos relevantes se han documentado? | C8: X
A9: 2 | B9: Se han implementado las funciones requeridas? | D9: x
A10: 3 | B10: Existe algún mecanismo que permita seguir el impacto de dicho requerimiento a lo largo del resto de las actividades del ciclo productivo.? | D10: x
A11: 4 | B11: El origen de cada requerimento individual está claro ? | C11: X
A12: 5 | B12: Que tan facil es devolverse a los requerimientos? | C12: X
A13: 6 | B13: Los requerimientos reflejan las necesidades y deseos del cliente? | C13: X
A14: 7 | B14: No hay contradicciones entre los requerimientos? | C14: X
A15: 8 | B15: El requerimiento que se esta especificando contribuye a alcanzar un objetivo definido ? | C15: X
A16: 9 | B16: Existe un proceso acotado (en plazo y presupuesto) que permita determinar que el sistema construido satisface lo descrito en el propio requerimiento? | D16: X
A17: SUMATORIA: | C17: =COUNTA('MODELO LISTA DE COMPROBACION - '!$C$8:$C$16) -> 6 | D17: =COUNTA('MODELO LISTA DE COMPROBACION - '!$D$8:$D$16) -> 3
A18: PORCENTAJE : | C18: =C17/9 -> 0.66666667 | D18: =D17/9 -> 0.33333333
A20: DOCUMENTACIÓN
A21: No. | B21: Pregunta | C21: SI | D21: NO
A22: 1 | B22: Aplica un estandar para la documetación de requerimiento? | C22: X
A23: 2 | B23: Cumple con la estructura definida por el estandar? | C23: X
A24: 3 | B24: Utiliza un Glosario de términos normalizado? | C24: X
A25: 4 | B25: Los requerimientos Funcionales estan sujetos a una única interpretación? | C25: X
A26: 5 | B26: El modelo aplicado cumple con la sintaxis? | C26: X
A27: SUMATORIA: | C27: =COUNTA('MODELO LISTA DE COMPROBACION - '!$C$22:$C$26) -> 5 | D27: =COUNTA('MODELO LISTA DE COMPROBACION - '!$D$22:$D$26) -> 0
A28: PORCENTAJE : | C28: =C27/5 -> 1 | D28: =D27/5 -> 0
A30: NIVEL DE ACUERDO
A31: No. | B31: Pregunta | C31: SI | D31: NO
A32: 1 | B32: Todos los requerimientos han sido acordados con todos los interesados? | C32: X
A33: 2 | B33: Todos los requerimientos modificados han sido acordados por todos los implicados? | C33: X
A34: 3 | B34: Han sido resueltos todos los conflictos conocidos respectos de los requerimientos? | C34: X
A35: SUMATORIA: | C35: =COUNTA('MODELO LISTA DE COMPROBACION - '!$C$32:$C$34) -> 3 | D35: =COUNTA('MODELO LISTA DE COMPROBACION - '!$D$32:$D$34) -> 0
A36: PORCENTAJE : | C36: =C35/3 -> 1 | D36: =D35/3 -> 0
A40: RESUMEN
B41: CONTENIDO | C41: 67
B42: DOCUMENTACIÓN | C42: 100
B43: NIVEL DE ACUERDO | C43: 100

Sheet MODELO LISTA DE COMPROBACIO (3)
B1: SISTEMA: | C1: Sistema de gestión de papelería (PaperBoost)
B2: FECHA: | C2: 46126
B3: AUTOR: | C3: Viscaino Jordy
B4: REQUERIMIENTOS EVALUADOS : | C4: RQF-007 Registro de producto manual
A6: CONTENIDO
A7: No. | B7: Pregunta | C7: SI | D7: NO
A8: 1 | B8: Todos los requerimientos relevantes se han documentado? | C8: X
A9: 2 | B9: Se han implementado las funciones requeridas? | D9: X
A10: 3 | B10: Existe algún mecanismo que permita seguir el impacto de dicho requerimiento a lo largo del resto de las actividades del ciclo productivo.? | D10: X
A11: 4 | B11: El origen de cada requerimento individual está claro ? | C11: X
A12: 5 | B12: Que tan facil es devolverse a los requerimientos? | C12: X
A13: 6 | B13: Los requerimientos reflejan las necesidades y deseos del cliente? | C13: X
A14: 7 | B14: No hay contradicciones entre los requerimientos? | C14: X
A15: 8 | B15: El requerimiento que se esta especificando contribuye a alcanzar un objetivo definido ? | C15: X
A16: 9 | B16: Existe un proceso acotado (en plazo y presupuesto) que permita determinar que el sistema construido satisface lo descrito en el propio requerimiento? | D16: X
A17: SUMATORIA: | C17: =COUNTA('MODELO LISTA DE COMPROBACIO (3)'!$C$8:$C$16) -> 6 | D17: =COUNTA('MODELO LISTA DE COMPROBACIO (3)'!$D$8:$D$16) -> 3
A18: PORCENTAJE : | C18: =C17/9 -> 0.66666667 | D18: =D17/9 -> 0.33333333
A20: DOCUMENTACIÓN
A21: No. | B21: Pregunta | C21: SI | D21: NO
A22: 1 | B22: Aplica un estandar para la documetación de requerimiento? | C22: X
A23: 2 | B23: Cumple con la estructura definida por el estandar? | C23: X
A24: 3 | B24: Utiliza un Glosario de términos normalizado? | C24: X
A25: 4 | B25: Los requerimientos Funcionales estan sujetos a una única interpretación? | C25: X
A26: 5 | B26: El modelo aplicado cumple con la sintaxis? | C26: X
A27: SUMATORIA: | C27: =COUNTA('MODELO LISTA DE COMPROBACIO (3)'!$C$22:$C$26) -> 5 | D27: =COUNTA('MODELO LISTA DE COMPROBACIO (3)'!$D$22:$D$26) -> 0
A28: PORCENTAJE : | C28: =C27/5 -> 1 | D28: =D27/5 -> 0
A30: NIVEL DE ACUERDO
A31: No. | B31: Pregunta | C31: SI | D31: NO
A32: 1 | B32: Todos los requerimientos han sido acordados con todos los interesados? | C32: X
A33: 2 | B33: Todos los requerimientos modificados han sido acordados por todos los implicados? | C33: X
A34: 3 | B34: Han sido resueltos todos los conflictos conocidos respectos de los requerimientos? | C34: X
A35: SUMATORIA: | C35: =COUNTA('MODELO LISTA DE COMPROBACIO (3)'!$C$32:$C$34) -> 3 | D35: =COUNTA('MODELO LISTA DE COMPROBACIO (3)'!$D$32:$D$34) -> 0
A36: PORCENTAJE : | C36: =C35/3 -> 1 | D36: =D35/3 -> 0
A40: RESUMEN
B41: CONTENIDO | C41: 67
B42: DOCUMENTACIÓN | C42: 100
B43: NIVEL DE ACUERDO | C43: 100

Sheet RECOMENDACIONES - CU001.3 (3)
A1: PREGUNTA | B1: RECOMENDACIÓN
A2: ¿Se han validado y aprobado formalmente todos los entregables de la entrevista (videoconferencia, minuta, acta de aceptación)? | B2: Establecer firmas digitales o un acta de reunión oficial tras cada sesión de descubrimiento, de modo que quede constancia inequívoca de la aprobación de alcance y contenido por parte de tutor, cliente y equipo.
A3: ¿Se han definido criterios de aceptación y casos de prueba que permitan medir objetivamente el cumplimiento del requisito? | B3: Elaborar una lista de Criterios de Aceptación en formato Given-When-Then, asociada a pruebas unitarias o de aceptación automatizadas, de modo que cada criterio quede cubierto por al menos un caso de prueba.
A4: ¿El documento de SRS cumple con la estructura definida por el estandar IEEE? | B4: Seguir formalmente un estandar como IEEE 830 O ISO 29148 como plantilla base para el desarrollo del SRS, asegurando todas las secciones requeridas.
A5: ¿Se han incluido artefactos de modelado suficientes (casos de uso, diagramas) para asegurar la completitud y validación de los requisitos del sistema? | B5: Es necesario que el documento contenga artefactos de modelado estandar con el fin de que se validen los requisitos y sean entendible y modificables.

Sheet RECOMENDACIONES - CU001.3 (2)
A1: PREGUNTA | B1: RECOMENDACIÓN
A2: ¿Se han validado y aprobado formalmente todos los entregables de la entrevista (videoconferencia, minuta, acta de aceptación)? | B2: Establecer firmas digitales o un acta de reunión oficial tras cada sesión de descubrimiento, de modo que quede constancia inequívoca de la aprobación de alcance y contenido por parte de tutor, cliente y equipo.
A3: ¿Se han definido criterios de aceptación y casos de prueba que permitan medir objetivamente el cumplimiento del requisito? | B3: Elaborar una lista de Criterios de Aceptación en formato Given-When-Then, asociada a pruebas unitarias o de aceptación automatizadas, de modo que cada criterio quede cubierto por al menos un caso de prueba.
A4: ¿Se ha utilizado un documento estandarizado segun la IEEE 830 para realizar el SRS? | B4: se recomienda seguir como base un documento estándar
A5: ¿Los campos del producto han sido detallado en el documento? | B5: se recomienda en la descripción del requisito ser detallado con lo que ingresa el usuario
A6: ¿Los casos de uso y demas anexos están presentes en el documento SRS ? | B6: Se recomienda anexar archivos que respalden o justifiquen los requisitos establecidos

Sheet RECOMENDACIONES - RQF-011
A1: PREGUNTA | B1: RECOMENDACIÓN
A3: ¿Cómo se demostrará que RQF-011 puede implementarse realmente en el sistema? | B3: Incorporar evidencia técnica como prototipo, diseño o planificación de implementación para validar su viabilidad.
A4: ¿Cómo se mejorará la trazabilidad y comprensión del requisito RQF-011 dentro del SRS? | B4: Añadir trazabilidad con pruebas, diseño y reglas del negocio, además de detallar mejor términos y flujo del requisito.
